r_lam_D,REQ_ExtContStab,REQ_IntContStab,REQ_AvgRawContrast,REQ_InitStatContrast,ICBE_ExtContStab,ICBE_IntContStab,ICBE_AvgRawContrast,ICBE_InitStatContrast,MCBE_ExtContStab,MCBE_IntContStab,MCBE_AvgRawContrast,MCBE_InitStatContrast
6.5,0.84512401273119100,1.18026510002721000,25.41206719606310000,25.00000000000000000,0.4027671416526570,0.2688071630518830,2.4849483174046300,2.3000000000000000,0.1017402686907010,0.1381874566671440,5.0551874640120800,5.00000000
7.5,0.61914965016440400,0.85373539700727200,16.36291516124620000,16.00000000000000000,0.3950236390981420,0.2641777699200770,2.6131733114208600,2.4500000000000000,0.1110376839432550,0.1533956840842480,2.5508346270251900,2.50000000
8.5,0.58199370090908400,0.78298723156440700,16.31103063188600000,16.00000000000000000,0.3569709040715320,0.2557776397167370,2.3821170822886300,2.2200000000000000,0.0642541821834058,0.1038319594485490,1.1484330854980500,1.10000000
19,1.04977435620277000,1.30138618089900000,35.30272717054000000,35.00000000000000000,0.6496744686913800,0.4413324512066380,7.8385229793254800,7.6500000000000000,0.0189432485284973,0.0782242231702010,0.0481450698941793,0.00000000
# from Brian Kern CBEs for Sep MMR with unity MUF, new REQs",#new REQ allocations have been made consistent with 5 opens and 12 shorted pairs. CBE's same as 9/30--reflects 9/2020 era bench warping and DM thermal estimates and 10 hr stability numbers.,,,,,,,,,,,
